,pretty_formula,band_gap,comp,eneg_diff,atom_frac,molec_weight,group_num
0,BN,5.6697,B1 N1,1.0,0.5,24.817700000000002,13
1,TlN,0.0,Tl1 N1,1.42,0.5,218.39,13
2,BN,1.1552000000000002,B1 N1,1.0,0.5,24.817700000000002,13
3,GaN,0.0,Ga1 N1,1.23,0.5,83.7297,13
4,BN,3.9556,B1 N1,1.0,0.5,24.817700000000002,13
5,BN,0.28200000000000003,B1 N1,1.0,0.5,24.817700000000002,13
6,GaN,0.0,Ga1 N1,1.23,0.5,83.7297,13
7,AlN,3.468300000000001,Al1 N1,1.43,0.5,40.9882386,13
8,GaN,1.3711,Ga1 N1,1.23,0.5,83.7297,13
9,GaN,1.9046000000000003,Ga1 N1,1.23,0.5,83.7297,13
10,TlN,0.0,Tl1 N1,1.42,0.5,218.39,13
11,GaN,1.7375999999999996,Ga1 N1,1.23,0.5,83.7297,13
12,BN,1.1919,B1 N1,1.0,0.5,24.817700000000002,13
13,GaN,0.0968,Ga1 N1,1.23,0.5,83.7297,13
14,GaN,0.0,Ga1 N1,1.23,0.5,83.7297,13
15,BN,4.2704,B1 N1,1.0,0.5,24.817700000000002,13
16,BN,5.363,B1 N1,1.0,0.5,24.817700000000002,13
17,BN,0.0029999999999998916,B1 N1,1.0,0.5,24.817700000000002,13
18,InN,0.47770000000000046,In1 N1,1.26,0.5,128.8247,13
19,BN,4.0020999999999995,B1 N1,1.0,0.5,24.817700000000002,13
20,GaN,0.03639999999999999,Ga1 N1,1.23,0.5,83.7297,13
21,GaN,0.0,Ga1 N1,1.23,0.5,83.7297,13
22,GaN,0.0,Ga1 N1,1.23,0.5,83.7297,13
23,BN,4.4847,B1 N1,1.0,0.5,24.817700000000002,13
24,AlN,4.5541,Al1 N1,1.43,0.5,40.9882386,13
25,BN,4.0137,B1 N1,1.0,0.5,24.817700000000002,13
26,GaN,0.5091000000000001,Ga1 N1,1.23,0.5,83.7297,13
27,InN,0.038000000000000256,In1 N1,1.26,0.5,128.8247,13
28,BN,0.7450000000000001,B1 N1,1.0,0.5,24.817700000000002,13
29,GaN,0.00990000000000002,Ga1 N1,1.23,0.5,83.7297,13
30,GaN,0.08749999999999991,Ga1 N1,1.23,0.5,83.7297,13
31,BN,3.5021000000000004,B1 N1,1.0,0.5,24.817700000000002,13
32,BN,0.0,B1 N1,1.0,0.5,24.817700000000002,13
33,BN,1.4857999999999998,B1 N1,1.0,0.5,24.817700000000002,13
34,BN,4.6482,B1 N1,1.0,0.5,24.817700000000002,13
35,GaN,0.0,Ga1 N1,1.23,0.5,83.7297,13
36,GaN,0.0,Ga1 N1,1.23,0.5,83.7297,13
37,GaN,0.0,Ga1 N1,1.23,0.5,83.7297,13
38,B9N,0.0,B9 N1,15.32,0.9,111.3057,13
39,TlN3,2.0640999999999994,Tl1 N3,7.500000000000001,0.25,246.40339999999998,13
40,GaN,0.026200000000000223,Ga1 N1,1.23,0.5,83.7297,13
41,GaN,0.0,Ga1 N1,1.23,0.5,83.7297,13
42,BN,4.825699999999999,B1 N1,1.0,0.5,24.817700000000002,13
43,GaN,0.07529999999999992,Ga1 N1,1.23,0.5,83.7297,13
44,GaN,0.04870000000000019,Ga1 N1,1.23,0.5,83.7297,13
45,InN,0.0,In1 N1,1.26,0.5,128.8247,13
46,GaN,0.15569999999999995,Ga1 N1,1.23,0.5,83.7297,13
47,GaN,0.0,Ga1 N1,1.23,0.5,83.7297,13
48,AlN,3.268700000000001,Al1 N1,1.43,0.5,40.9882386,13
49,GaN,0.03270000000000006,Ga1 N1,1.23,0.5,83.7297,13
50,GaN,0.00010000000000021103,Ga1 N1,1.23,0.5,83.7297,13
51,GaN,0.0,Ga1 N1,1.23,0.5,83.7297,13
52,BN,1.5638999999999998,B1 N1,1.0,0.5,24.817700000000002,13
53,TlN,0.0,Tl1 N1,1.42,0.5,218.39,13
54,BN,1.6493,B1 N1,1.0,0.5,24.817700000000002,13
55,GaN,0.0,Ga1 N1,1.23,0.5,83.7297,13
56,TlN,0.08499999999999996,Tl1 N1,1.42,0.5,218.39,13
57,BN,4.422000000000001,B1 N1,1.0,0.5,24.817700000000002,13
58,BN,1.6009000000000002,B1 N1,1.0,0.5,24.817700000000002,13
59,B13N2,0.0,B13 N2,20.439999999999998,0.8666666666666667,168.5564,13
60,GaN,0.019500000000000295,Ga1 N1,1.23,0.5,83.7297,13
61,InN3,0.0,In1 N3,7.340000000000001,0.25,156.8381,13
62,BN,4.4938,B1 N1,1.0,0.5,24.817700000000002,13
63,GaN,0.08740000000000014,Ga1 N1,1.23,0.5,83.7297,13
64,GaN,0.0,Ga1 N1,1.23,0.5,83.7297,13
65,GaN,0.16059999999999963,Ga1 N1,1.23,0.5,83.7297,13
66,GaN,0.0591999999999997,Ga1 N1,1.23,0.5,83.7297,13
67,GaN,0.06910000000000005,Ga1 N1,1.23,0.5,83.7297,13
68,BN,1.0837000000000003,B1 N1,1.0,0.5,24.817700000000002,13
69,GaN,0.0,Ga1 N1,1.23,0.5,83.7297,13
70,GaN,0.13209999999999988,Ga1 N1,1.23,0.5,83.7297,13
71,BN,0.9969000000000001,B1 N1,1.0,0.5,24.817700000000002,13
72,GaN,0.0,Ga1 N1,1.23,0.5,83.7297,13
73,GaN,0.08309999999999995,Ga1 N1,1.23,0.5,83.7297,13
74,BN,1.5264,B1 N1,1.0,0.5,24.817700000000002,13
75,GaN,0.0,Ga1 N1,1.23,0.5,83.7297,13
76,GaN,0.0,Ga1 N1,1.23,0.5,83.7297,13
77,BN,3.8244,B1 N1,1.0,0.5,24.817700000000002,13
78,GaN,0.0,Ga1 N1,1.23,0.5,83.7297,13
79,AlN,4.0536,Al1 N1,1.43,0.5,40.9882386,13
80,GaN,0.0,Ga1 N1,1.23,0.5,83.7297,13
81,GaN,0.034399999999999764,Ga1 N1,1.23,0.5,83.7297,13
82,GaN,0.0021999999999997577,Ga1 N1,1.23,0.5,83.7297,13
83,BP,1.0758999999999999,B1 P1,0.1499999999999999,0.5,41.784762,13
84,TlP5,1.4193999999999996,Tl1 P5,9.329999999999998,0.16666666666666666,359.25211,13
85,GaP,1.2984,Ga1 P1,0.3799999999999999,0.5,100.696762,13
86,B6P,2.7253,B6 P1,10.05,0.8571428571428571,95.83976200000001,13
87,B8P,0.18189999999999973,B8 P1,14.13,0.8888888888888888,117.461762,13
88,GaP,0.2098999999999993,Ga1 P1,0.3799999999999999,0.5,100.696762,13
89,AlP2,0.0,Al1 P2,2.7699999999999996,0.3333333333333333,88.92906260000001,13
90,GaP,1.6843000000000004,Ga1 P1,0.3799999999999999,0.5,100.696762,13
91,InP,0.0,In1 P1,0.4099999999999999,0.5,145.791762,13
92,Ga3P,0.0,Ga3 P1,3.2399999999999998,0.75,240.14276199999998,13
93,BP,1.4661999999999997,B1 P1,0.1499999999999999,0.5,41.784762,13
94,Ga3P,0.0,Ga3 P1,3.2399999999999998,0.75,240.14276199999998,13
95,AlP,2.0228,Al1 P1,0.5799999999999998,0.5,57.9553006,13
96,InP3,0.0,In1 P3,4.79,0.25,207.739286,13
97,Al3P,0.0,Al3 P1,2.64,0.75,111.9183778,13
98,AlP,2.1635,Al1 P1,0.5799999999999998,0.5,57.9553006,13
99,GaP,0.0,Ga1 P1,0.3799999999999999,0.5,100.696762,13
100,TlP,0.0,Tl1 P1,0.5699999999999998,0.5,235.35706199999998,13
101,GaP,0.9425999999999997,Ga1 P1,0.3799999999999999,0.5,100.696762,13
102,TlP,0.12659999999999982,Tl1 P1,0.5699999999999998,0.5,235.35706199999998,13
103,AlP,1.8232,Al1 P1,0.5799999999999998,0.5,57.9553006,13
104,InP,0.5137999999999998,In1 P1,0.4099999999999999,0.5,145.791762,13
105,InP,0.46640000000000015,In1 P1,0.4099999999999999,0.5,145.791762,13
106,B13P2,0.0,B13 P2,22.14,0.8666666666666667,202.490524,13
107,GaP,0.0,Ga1 P1,0.3799999999999999,0.5,100.696762,13
108,AlAs,1.6871,Al1 As1,0.5700000000000001,0.5,101.9031386,13
109,GaAs,0.0,Ga1 As1,0.3700000000000001,0.5,144.6446,13
110,GaAs,0.007699999999999818,Ga1 As1,0.3700000000000001,0.5,144.6446,13
111,AlAs,0.0,Al1 As1,0.5700000000000001,0.5,101.9031386,13
112,Tl3As,0.0,Tl3 As1,2.68,0.75,688.0715,13
113,InAs,0.3049999999999997,In1 As1,0.40000000000000013,0.5,189.7396,13
114,GaAs,0.0,Ga1 As1,0.3700000000000001,0.5,144.6446,13
115,TlAs,0.0,Tl1 As1,0.56,0.5,279.3049,13
116,GaAs,0.0,Ga1 As1,0.3700000000000001,0.5,144.6446,13
117,GaAs,0.1839000000000004,Ga1 As1,0.3700000000000001,0.5,144.6446,13
118,GaAs,0.0,Ga1 As1,0.3700000000000001,0.5,144.6446,13
119,InAs,0.0,In1 As1,0.40000000000000013,0.5,189.7396,13
120,GaAs3,0.0,Ga1 As3,4.73,0.25,294.4878,13
121,GaAs,0.0,Ga1 As1,0.3700000000000001,0.5,144.6446,13
122,AlAs,0.0,Al1 As1,0.5700000000000001,0.5,101.9031386,13
123,AlAs2,0.0,Al1 As2,2.75,0.3333333333333333,176.8247386,13
124,GaAs,0.0,Ga1 As1,0.3700000000000001,0.5,144.6446,13
125,GaAs,0.0,Ga1 As1,0.3700000000000001,0.5,144.6446,13
126,AlAs,0.0,Al1 As1,0.5700000000000001,0.5,101.9031386,13
127,AlAs,1.6862000000000004,Al1 As1,0.5700000000000001,0.5,101.9031386,13
128,InAs,0.0,In1 As1,0.40000000000000013,0.5,189.7396,13
129,InAs,0.0,In1 As1,0.40000000000000013,0.5,189.7396,13
130,GaAs,0.0,Ga1 As1,0.3700000000000001,0.5,144.6446,13
131,GaAs,0.1924999999999999,Ga1 As1,0.3700000000000001,0.5,144.6446,13
132,InAs,0.0,In1 As1,0.40000000000000013,0.5,189.7396,13
133,B6As,2.9721,B6 As1,10.06,0.8571428571428571,139.7876,13
134,Al3As,0.0,Al3 As1,2.65,0.75,155.86621580000002,13
135,AlAs,0.3385000000000007,Al1 As1,0.5700000000000001,0.5,101.9031386,13
136,Ga3As,0.0,Ga3 As1,3.2499999999999996,0.75,284.0906,13
137,In3As,0.0,In3 As1,3.1599999999999997,0.75,419.3756,13
138,BAs,1.1791999999999998,B1 As1,0.14000000000000012,0.5,85.73259999999999,13
139,BAs,1.2521999999999993,B1 As1,0.14000000000000012,0.5,85.73259999999999,13
140,GaAs,0.0,Ga1 As1,0.3700000000000001,0.5,144.6446,13
141,GaSb,0.0,Ga1 Sb1,0.23999999999999977,0.5,191.483,13
142,Tl3Sb,0.0,Tl3 Sb1,2.8100000000000005,0.75,734.9099,13
143,InSb,0.0,In1 Sb1,0.2699999999999998,0.5,236.578,13
144,InSb2,0.0026999999999999247,In1 Sb2,2.3199999999999994,0.3333333333333333,358.338,13
145,AlSb,0.0,Al1 Sb1,0.4399999999999997,0.5,148.7415386,13
146,GaSb,0.36549999999999994,Ga1 Sb1,0.23999999999999977,0.5,191.483,13
147,InSb,0.0,In1 Sb1,0.2699999999999998,0.5,236.578,13
148,GaSb,0.0,Ga1 Sb1,0.23999999999999977,0.5,191.483,13
149,InSb,0.0,In1 Sb1,0.2699999999999998,0.5,236.578,13
150,GaSb,0.0,Ga1 Sb1,0.23999999999999977,0.5,191.483,13
151,In3Sb,0.0,In3 Sb1,3.29,0.75,466.214,13
152,InSb3,0.0,In1 Sb3,4.369999999999999,0.25,480.098,13
153,InSb,0.0,In1 Sb1,0.2699999999999998,0.5,236.578,13
154,BSb,1.0137,B1 Sb1,0.009999999999999787,0.5,132.571,13
155,In2Sb,0.0,In2 Sb1,1.5100000000000002,0.6666666666666666,351.396,13
156,GaSb,9.999999999976694e-05,Ga1 Sb1,0.23999999999999977,0.5,191.483,13
157,Ga3Sb,0.0,Ga3 Sb1,3.38,0.75,330.929,13
158,InSb,0.0,In1 Sb1,0.2699999999999998,0.5,236.578,13
159,InSb,0.0,In1 Sb1,0.2699999999999998,0.5,236.578,13
160,InSb,0.0,In1 Sb1,0.2699999999999998,0.5,236.578,13
161,AlSb,0.9120999999999997,Al1 Sb1,0.4399999999999997,0.5,148.7415386,13
162,AlSb,1.2605000000000004,Al1 Sb1,0.4399999999999997,0.5,148.7415386,13
163,TlSb,0.0,Tl1 Sb1,0.4299999999999997,0.5,326.1433,13
164,InSb,0.0,In1 Sb1,0.2699999999999998,0.5,236.578,13
165,GaSb3,0.0,Ga1 Sb3,4.34,0.25,435.00300000000004,13
166,InSb,0.0,In1 Sb1,0.2699999999999998,0.5,236.578,13
167,In5Sb3,0.0,In5 Sb3,2.750000000000001,0.625,939.3700000000001,13
168,GaSb,0.0,Ga1 Sb1,0.23999999999999977,0.5,191.483,13
169,GaSb,0.0,Ga1 Sb1,0.23999999999999977,0.5,191.483,13
170,InSb,0.0,In1 Sb1,0.2699999999999998,0.5,236.578,13
171,GaSb,0.0,Ga1 Sb1,0.23999999999999977,0.5,191.483,13
172,TlSb,0.0,Tl1 Sb1,0.4299999999999997,0.5,326.1433,13
173,InSb3,0.0,In1 Sb3,4.369999999999999,0.25,480.098,13
174,InSb,0.0,In1 Sb1,0.2699999999999998,0.5,236.578,13
175,Tl7Sb2,0.0,Tl7 Sb2,7.24,0.7777777777777778,1674.2031,13
176,AlSb,0.02210000000000001,Al1 Sb1,0.4399999999999997,0.5,148.7415386,13
177,GaSb,0.0,Ga1 Sb1,0.23999999999999977,0.5,191.483,13
178,AlSb,0.0,Al1 Sb1,0.4399999999999997,0.5,148.7415386,13
179,GaBi3,0.0,Ga1 Bi3,4.25,0.25,696.6641999999999,13
180,In4Bi,0.0,In4 Bi1,5.1,0.8,668.2524,13
181,In2Bi,0.0,In2 Bi1,1.54,0.6666666666666666,438.6164,13
182,TlBi,0.0,Tl1 Bi1,0.3999999999999999,0.5,413.3637,13
183,In3Bi,0.0,In3 Bi1,3.32,0.75,553.4344,13
184,In2Bi,0.0,In2 Bi1,1.54,0.6666666666666666,438.6164,13
185,In5Bi3,0.0,In5 Bi3,2.84,0.625,1201.0312,13
186,In2Bi,0.0,In2 Bi1,1.54,0.6666666666666666,438.6164,13
187,AlBi,0.30189999999999984,Al1 Bi1,0.4099999999999999,0.5,235.9619386,13
188,BiB,0.35570000000000057,Bi1 B1,0.020000000000000018,0.5,219.7914,15
189,TlBi3,0.0,Tl1 Bi3,4.44,0.25,831.3245,13
190,Tl4Bi,0.0,Tl4 Bi1,4.460000000000001,0.8,1026.5136,13
191,GaBi,0.0,Ga1 Bi1,0.20999999999999996,0.5,278.7034,13
192,Tl3Bi,0.0,Tl3 Bi1,2.8400000000000003,0.75,822.1303,13
193,BiB6,0.0,Bi1 B6,10.22,0.14285714285714285,273.8464,15
194,InBi,0.0,In1 Bi1,0.24,0.5,323.7984,13
195,InBi3,0.0,In1 Bi3,4.28,0.25,741.7592,13
196,BiB,0.0,Bi1 B1,0.020000000000000018,0.5,219.7914,15
197,Ga3Bi,0.0,Ga3 Bi1,3.4099999999999997,0.75,418.1494,13
198,AlBi3,0.0,Al1 Bi3,4.45,0.25,653.9227386,13
199,TlBi2,0.0,Tl1 Bi2,2.42,0.3333333333333333,622.3441,13
200,In2Bi,0.0,In2 Bi1,1.54,0.6666666666666666,438.6164,13
201,Tl3Bi,0.0,Tl3 Bi1,2.8400000000000003,0.75,822.1303,13
202,InBi,0.0,In1 Bi1,0.24,0.5,323.7984,13
203,Tl3Bi,0.0,Tl3 Bi1,2.8400000000000003,0.75,822.1303,13
204,InBi,0.0,In1 Bi1,0.24,0.5,323.7984,13
205,BiB5,0.0,Bi1 B5,8.18,0.16666666666666666,263.0354,15
206,ZnO,1.0501,Zn1 O1,1.79,0.5,81.4084,12
207,CdO2,0.0,Cd1 O2,5.1899999999999995,0.3333333333333333,144.4098,12
208,SrO10,0.0,Sr1 O10,33.449999999999996,0.09090909090909091,247.614,2
209,ZnO2,0.0,Zn1 O2,5.23,0.3333333333333333,97.40780000000001,12
210,BaO2,2.3432999999999997,Ba1 O2,5.99,0.3333333333333333,169.3258,2
211,ZnO2,0.0,Zn1 O2,5.23,0.3333333333333333,97.40780000000001,12
212,SrO10,0.0,Sr1 O10,33.449999999999996,0.09090909090909091,247.614,2
213,BaO2,0.0,Ba1 O2,5.99,0.3333333333333333,169.3258,2
214,Ca2O3,0.0,Ca2 O3,8.32,0.4,128.1542,2
215,MgO,4.638,Mg1 O1,2.13,0.5,40.3044,2
216,ZnO2,2.1691,Zn1 O2,5.23,0.3333333333333333,97.40780000000001,12
217,SrO10,0.0,Sr1 O10,33.449999999999996,0.09090909090909091,247.614,2
218,MgO,1.9173000000000004,Mg1 O1,2.13,0.5,40.3044,2
219,MgO,3.2582999999999998,Mg1 O1,2.13,0.5,40.3044,2
220,BaO2,2.2907,Ba1 O2,5.99,0.3333333333333333,169.3258,2
221,MgO,3.4114000000000004,Mg1 O1,2.13,0.5,40.3044,2
222,BaO10,0.11780000000000002,Ba1 O10,33.51,0.09090909090909091,297.321,2
223,ZnO,0.5297999999999998,Zn1 O1,1.79,0.5,81.4084,12
224,SrO10,0.0,Sr1 O10,33.449999999999996,0.09090909090909091,247.614,2
225,ZnO,0.44689999999999996,Zn1 O1,1.79,0.5,81.4084,12
226,MgO,3.0211000000000006,Mg1 O1,2.13,0.5,40.3044,2
227,SrO6,0.0,Sr1 O6,19.69,0.14285714285714285,183.6164,2
228,MgO,2.1944,Mg1 O1,2.13,0.5,40.3044,2
229,BaO,2.2831,Ba1 O1,2.55,0.5,153.3264,2
230,BeO,8.2675,Be1 O1,1.8699999999999999,0.5,25.011581999999997,2
231,MgO,2.0853,Mg1 O1,2.13,0.5,40.3044,2
232,SrO4,0.30010000000000003,Sr1 O4,12.81,0.2,151.6176,2
233,SrO,2.9393000000000002,Sr1 O1,2.49,0.5,103.6194,2
234,BaO2,3.6603,Ba1 O2,5.99,0.3333333333333333,169.3258,2
235,BeO,4.4429,Be1 O1,1.8699999999999999,0.5,25.011581999999997,2
236,ZnO,0.9207000000000001,Zn1 O1,1.79,0.5,81.4084,12
237,Sr2O3,0.0,Sr2 O3,8.42,0.4,223.2382,2
238,MgO,3.8975,Mg1 O1,2.13,0.5,40.3044,2
239,ZnO,0.40339999999999987,Zn1 O1,1.79,0.5,81.4084,12
240,CdO2,0.0,Cd1 O2,5.1899999999999995,0.3333333333333333,144.4098,12
241,BaO,2.7726000000000006,Ba1 O1,2.55,0.5,153.3264,2
242,MgO,3.0614,Mg1 O1,2.13,0.5,40.3044,2
243,BaO,2.4251000000000005,Ba1 O1,2.55,0.5,153.3264,2
244,CdO2,1.2812000000000001,Cd1 O2,5.1899999999999995,0.3333333333333333,144.4098,12
245,ZnO2,0.0,Zn1 O2,5.23,0.3333333333333333,97.40780000000001,12
246,BaO4,0.0,Ba1 O4,12.87,0.2,201.3246,2
247,BeO,7.463099999999999,Be1 O1,1.8699999999999999,0.5,25.011581999999997,2
248,SrO2,2.8459,Sr1 O2,5.93,0.3333333333333333,119.61880000000001,2
249,MgO,1.9482000000000004,Mg1 O1,2.13,0.5,40.3044,2
250,CaO,3.12,Ca1 O1,2.44,0.5,56.077400000000004,2
251,ZnO,0.7376,Zn1 O1,1.79,0.5,81.4084,12
252,BaO,1.3032,Ba1 O1,2.55,0.5,153.3264,2
253,BaO10,0.0,Ba1 O10,33.51,0.09090909090909091,297.321,2
254,SrO10,0.1521,Sr1 O10,33.449999999999996,0.09090909090909091,247.614,2
255,CaO2,2.8356999999999997,Ca1 O2,5.88,0.3333333333333333,72.0768,2
256,MgO,3.0230000000000006,Mg1 O1,2.13,0.5,40.3044,2
257,BaO,1.7653999999999999,Ba1 O1,2.55,0.5,153.3264,2
258,SrO,2.7855000000000003,Sr1 O1,2.49,0.5,103.6194,2
259,MgO2,0.0,Mg1 O2,5.57,0.3333333333333333,56.303799999999995,2
260,CaO2,0.0,Ca1 O2,5.88,0.3333333333333333,72.0768,2
261,CaO10,0.0,Ca1 O10,33.4,0.09090909090909091,200.072,2
262,BaO,2.2561,Ba1 O1,2.55,0.5,153.3264,2
263,BeO2,0.0,Be1 O2,5.31,0.3333333333333333,41.010982,2
264,CaO,1.9973999999999998,Ca1 O1,2.44,0.5,56.077400000000004,2
265,CaO,2.1029,Ca1 O1,2.44,0.5,56.077400000000004,2
266,SrO6,0.0,Sr1 O6,19.69,0.14285714285714285,183.6164,2
267,BeO2,0.00990000000000002,Be1 O2,5.31,0.3333333333333333,41.010982,2
268,MgO,2.9211,Mg1 O1,2.13,0.5,40.3044,2
269,SrO,2.5667,Sr1 O1,2.49,0.5,103.6194,2
270,BaO4,0.020000000000000018,Ba1 O4,12.87,0.2,201.3246,2
271,MgO2,0.0,Mg1 O2,5.57,0.3333333333333333,56.303799999999995,2
272,BaO6,0.0,Ba1 O6,19.75,0.14285714285714285,233.3234,2
273,BaO5,0.0,Ba1 O5,16.31,0.16666666666666666,217.324,2
274,BaO6,0.06499999999999995,Ba1 O6,19.75,0.14285714285714285,233.3234,2
275,BaO,1.7494999999999998,Ba1 O1,2.55,0.5,153.3264,2
276,MgO,3.4257,Mg1 O1,2.13,0.5,40.3044,2
277,MgO,2.7038,Mg1 O1,2.13,0.5,40.3044,2
278,BaO,1.7048999999999999,Ba1 O1,2.55,0.5,153.3264,2
279,CaO,2.0869,Ca1 O1,2.44,0.5,56.077400000000004,2
280,ZnO,0.7316,Zn1 O1,1.79,0.5,81.4084,12
281,ZnO,0.4516000000000001,Zn1 O1,1.79,0.5,81.4084,12
282,MgO2,3.8015,Mg1 O2,5.57,0.3333333333333333,56.303799999999995,2
283,MgO,2.8794,Mg1 O1,2.13,0.5,40.3044,2
284,SrO10,0.0,Sr1 O10,33.449999999999996,0.09090909090909091,247.614,2
285,MgO,2.1521999999999997,Mg1 O1,2.13,0.5,40.3044,2
286,MgO2,2.3793999999999995,Mg1 O2,5.57,0.3333333333333333,56.303799999999995,2
287,CaO10,0.0,Ca1 O10,33.4,0.09090909090909091,200.072,2
288,CaO,2.4659000000000004,Ca1 O1,2.44,0.5,56.077400000000004,2
289,SrO2,2.9058,Sr1 O2,5.93,0.3333333333333333,119.61880000000001,2
290,BaO10,0.0,Ba1 O10,33.51,0.09090909090909091,297.321,2
291,BeO,7.345699999999999,Be1 O1,1.8699999999999999,0.5,25.011581999999997,2
292,CdO,0.0,Cd1 O1,1.75,0.5,128.4104,12
293,BaO,2.1718,Ba1 O1,2.55,0.5,153.3264,2
294,ZnO,0.4344999999999999,Zn1 O1,1.79,0.5,81.4084,12
295,MgO,1.8825999999999996,Mg1 O1,2.13,0.5,40.3044,2
296,CdO,0.0,Cd1 O1,1.75,0.5,128.4104,12
297,BeO,6.9752,Be1 O1,1.8699999999999999,0.5,25.011581999999997,2
298,BaO,2.2843,Ba1 O1,2.55,0.5,153.3264,2
299,CaO2,0.0,Ca1 O2,5.88,0.3333333333333333,72.0768,2
300,MgO,2.0732,Mg1 O1,2.13,0.5,40.3044,2
301,BaO10,0.2026,Ba1 O10,33.51,0.09090909090909091,297.321,2
302,MgO,1.8753000000000002,Mg1 O1,2.13,0.5,40.3044,2
303,BaO,1.4809999999999999,Ba1 O1,2.55,0.5,153.3264,2
304,MgO,3.2865,Mg1 O1,2.13,0.5,40.3044,2
305,BeO,4.2229,Be1 O1,1.8699999999999999,0.5,25.011581999999997,2
306,MgO2,0.4322999999999997,Mg1 O2,5.57,0.3333333333333333,56.303799999999995,2
307,MgO,3.1396,Mg1 O1,2.13,0.5,40.3044,2
308,ZnO,0.6311,Zn1 O1,1.79,0.5,81.4084,12
309,CaO,2.1384,Ca1 O1,2.44,0.5,56.077400000000004,2
310,ZnO,0.4918,Zn1 O1,1.79,0.5,81.4084,12
311,BeO,4.3026,Be1 O1,1.8699999999999999,0.5,25.011581999999997,2
312,BeO,4.4661,Be1 O1,1.8699999999999999,0.5,25.011581999999997,2
313,CaO2,0.0,Ca1 O2,5.88,0.3333333333333333,72.0768,2
314,CaO,3.6919,Ca1 O1,2.44,0.5,56.077400000000004,2
315,BaO6,0.0,Ba1 O6,19.75,0.14285714285714285,233.3234,2
316,MgO,3.3066,Mg1 O1,2.13,0.5,40.3044,2
317,SrO,3.4486999999999997,Sr1 O1,2.49,0.5,103.6194,2
318,MgO,4.0482,Mg1 O1,2.13,0.5,40.3044,2
319,BeO,4.7507,Be1 O1,1.8699999999999999,0.5,25.011581999999997,2
320,ZnS,0.3422999999999998,Zn1 S1,0.9300000000000002,0.5,97.474,12
321,CdS,1.1162,Cd1 S1,0.8900000000000001,0.5,144.476,12
322,ZnS,2.0008999999999997,Zn1 S1,0.9300000000000002,0.5,97.474,12
323,ZnS,2.0206,Zn1 S1,0.9300000000000002,0.5,97.474,12
324,ZnS,2.0614999999999997,Zn1 S1,0.9300000000000002,0.5,97.474,12
325,ZnS,0.007300000000000084,Zn1 S1,0.9300000000000002,0.5,97.474,12
326,ZnS,0.8749,Zn1 S1,0.9300000000000002,0.5,97.474,12
327,ZnS,0.8508000000000002,Zn1 S1,0.9300000000000002,0.5,97.474,12
328,Be3S,0.0,Be3 S1,2.13,0.75,59.101546,2
329,ZnS,1.9964,Zn1 S1,0.9300000000000002,0.5,97.474,12
330,CdS2,1.5364,Cd1 S2,3.47,0.3333333333333333,176.541,12
331,ZnS,2.0096999999999996,Zn1 S1,0.9300000000000002,0.5,97.474,12
332,CaS,2.5596,Ca1 S1,1.58,0.5,72.143,2
333,ZnS,1.9924,Zn1 S1,0.9300000000000002,0.5,97.474,12
334,ZnS,2.0042,Zn1 S1,0.9300000000000002,0.5,97.474,12
335,ZnS,0.8638000000000001,Zn1 S1,0.9300000000000002,0.5,97.474,12
336,MgS2,1.0132000000000003,Mg1 S2,3.85,0.3333333333333333,88.435,2
337,ZnS,2.0239000000000003,Zn1 S1,0.9300000000000002,0.5,97.474,12
338,Mg149S,0.1578999999999997,Mg149 S1,192.60999999999999,0.9933333333333333,3653.51,2
339,ZnS,2.0398,Zn1 S1,0.9300000000000002,0.5,97.474,12
340,ZnS,1.0285,Zn1 S1,0.9300000000000002,0.5,97.474,12
341,ZnS,2.0983,Zn1 S1,0.9300000000000002,0.5,97.474,12
342,ZnS,2.0142999999999995,Zn1 S1,0.9300000000000002,0.5,97.474,12
343,ZnS,1.9806000000000001,Zn1 S1,0.9300000000000002,0.5,97.474,12
344,BaS,2.2091000000000003,Ba1 S1,1.69,0.5,169.392,2
345,CdS,1.0453000000000001,Cd1 S1,0.8900000000000001,0.5,144.476,12
346,MgS2,1.1336000000000004,Mg1 S2,3.85,0.3333333333333333,88.435,2
347,ZnS,2.0229999999999997,Zn1 S1,0.9300000000000002,0.5,97.474,12
348,ZnS,2.0174000000000003,Zn1 S1,0.9300000000000002,0.5,97.474,12
349,SrS2,1.4886999999999997,Sr1 S2,4.21,0.3333333333333333,151.75,2
350,ZnS,2.03,Zn1 S1,0.9300000000000002,0.5,97.474,12
351,ZnS,2.0181,Zn1 S1,0.9300000000000002,0.5,97.474,12
352,ZnS,0.8571000000000002,Zn1 S1,0.9300000000000002,0.5,97.474,12
353,ZnS,2.0002999999999997,Zn1 S1,0.9300000000000002,0.5,97.474,12
354,ZnS,2.0385,Zn1 S1,0.9300000000000002,0.5,97.474,12
355,ZnS,2.0147,Zn1 S1,0.9300000000000002,0.5,97.474,12
356,SrS,1.8860000000000001,Sr1 S1,1.6300000000000001,0.5,119.685,2
357,ZnS,0.6826000000000001,Zn1 S1,0.9300000000000002,0.5,97.474,12
358,ZnS,1.2791,Zn1 S1,0.9300000000000002,0.5,97.474,12
359,ZnS,2.0349000000000004,Zn1 S1,0.9300000000000002,0.5,97.474,12
360,ZnS,2.3504000000000005,Zn1 S1,0.9300000000000002,0.5,97.474,12
361,ZnS,1.0574000000000001,Zn1 S1,0.9300000000000002,0.5,97.474,12
362,ZnS,1.9782000000000002,Zn1 S1,0.9300000000000002,0.5,97.474,12
363,ZnS2,2.0035,Zn1 S2,3.5100000000000002,0.3333333333333333,129.539,12
364,ZnS,0.9256,Zn1 S1,0.9300000000000002,0.5,97.474,12
365,ZnS,2.0157,Zn1 S1,0.9300000000000002,0.5,97.474,12
366,ZnS,2.0265,Zn1 S1,0.9300000000000002,0.5,97.474,12
367,ZnS,0.6392,Zn1 S1,0.9300000000000002,0.5,97.474,12
368,ZnS,1.9651,Zn1 S1,0.9300000000000002,0.5,97.474,12
369,ZnS,2.029,Zn1 S1,0.9300000000000002,0.5,97.474,12
370,ZnS,2.0244,Zn1 S1,0.9300000000000002,0.5,97.474,12
371,ZnS,1.0438,Zn1 S1,0.9300000000000002,0.5,97.474,12
372,MgS,3.3884,Mg1 S1,1.27,0.5,56.37,2
373,ZnS,2.0318000000000005,Zn1 S1,0.9300000000000002,0.5,97.474,12
374,ZnS,2.0322999999999998,Zn1 S1,0.9300000000000002,0.5,97.474,12
375,ZnS,2.021,Zn1 S1,0.9300000000000002,0.5,97.474,12
376,ZnS,2.0265,Zn1 S1,0.9300000000000002,0.5,97.474,12
377,CdS,0.27890000000000015,Cd1 S1,0.8900000000000001,0.5,144.476,12
378,ZnS,2.0281000000000002,Zn1 S1,0.9300000000000002,0.5,97.474,12
379,ZnS,0.1129,Zn1 S1,0.9300000000000002,0.5,97.474,12
380,ZnS,1.4278,Zn1 S1,0.9300000000000002,0.5,97.474,12
381,ZnS,1.2996,Zn1 S1,0.9300000000000002,0.5,97.474,12
382,ZnS,2.0264999999999995,Zn1 S1,0.9300000000000002,0.5,97.474,12
383,ZnS,1.5972999999999997,Zn1 S1,0.9300000000000002,0.5,97.474,12
384,ZnS,2.035,Zn1 S1,0.9300000000000002,0.5,97.474,12
385,ZnS,2.0087,Zn1 S1,0.9300000000000002,0.5,97.474,12
386,ZnS,2.0073,Zn1 S1,0.9300000000000002,0.5,97.474,12
387,SrS3,1.2876000000000003,Sr1 S3,6.79,0.25,183.815,2
388,ZnS,0.9117999999999999,Zn1 S1,0.9300000000000002,0.5,97.474,12
389,ZnS,1.4226,Zn1 S1,0.9300000000000002,0.5,97.474,12
390,ZnS,2.0167,Zn1 S1,0.9300000000000002,0.5,97.474,12
391,ZnS,1.9999000000000002,Zn1 S1,0.9300000000000002,0.5,97.474,12
392,ZnS,1.2736999999999998,Zn1 S1,0.9300000000000002,0.5,97.474,12
393,ZnS,2.0197000000000003,Zn1 S1,0.9300000000000002,0.5,97.474,12
394,ZnS,0.8346,Zn1 S1,0.9300000000000002,0.5,97.474,12
395,ZnS,2.0152,Zn1 S1,0.9300000000000002,0.5,97.474,12
396,ZnS,1.9752000000000003,Zn1 S1,0.9300000000000002,0.5,97.474,12
397,ZnS,0.8635000000000002,Zn1 S1,0.9300000000000002,0.5,97.474,12
398,ZnS,1.9860000000000002,Zn1 S1,0.9300000000000002,0.5,97.474,12
399,ZnS,0.9544999999999999,Zn1 S1,0.9300000000000002,0.5,97.474,12
400,ZnS,1.1705999999999999,Zn1 S1,0.9300000000000002,0.5,97.474,12
401,ZnS,1.9857,Zn1 S1,0.9300000000000002,0.5,97.474,12
402,ZnS,0.8233999999999999,Zn1 S1,0.9300000000000002,0.5,97.474,12
403,ZnS,2.0206999999999997,Zn1 S1,0.9300000000000002,0.5,97.474,12
404,ZnS,2.0324,Zn1 S1,0.9300000000000002,0.5,97.474,12
405,ZnS,2.0109000000000004,Zn1 S1,0.9300000000000002,0.5,97.474,12
406,ZnS,1.2026,Zn1 S1,0.9300000000000002,0.5,97.474,12
407,ZnS,2.0369,Zn1 S1,0.9300000000000002,0.5,97.474,12
408,ZnS,2.0381,Zn1 S1,0.9300000000000002,0.5,97.474,12
409,SrS,2.5618999999999996,Sr1 S1,1.6300000000000001,0.5,119.685,2
410,ZnS,0.585,Zn1 S1,0.9300000000000002,0.5,97.474,12
411,ZnS,1.9339,Zn1 S1,0.9300000000000002,0.5,97.474,12
412,Ba2S3,1.6239000000000003,Ba2 S3,5.96,0.4,370.849,2
413,ZnS,2.0038,Zn1 S1,0.9300000000000002,0.5,97.474,12
414,ZnS,2.0271,Zn1 S1,0.9300000000000002,0.5,97.474,12
415,ZnS,1.9944000000000002,Zn1 S1,0.9300000000000002,0.5,97.474,12
416,ZnS,1.4409999999999998,Zn1 S1,0.9300000000000002,0.5,97.474,12
417,ZnS,2.0201000000000002,Zn1 S1,0.9300000000000002,0.5,97.474,12
418,ZnS,1.9316999999999998,Zn1 S1,0.9300000000000002,0.5,97.474,12
419,MgS,3.5792,Mg1 S1,1.27,0.5,56.37,2
420,ZnS,1.8885,Zn1 S1,0.9300000000000002,0.5,97.474,12
421,ZnS,1.9888000000000001,Zn1 S1,0.9300000000000002,0.5,97.474,12
422,ZnS,1.3621,Zn1 S1,0.9300000000000002,0.5,97.474,12
423,ZnS,2.0067000000000004,Zn1 S1,0.9300000000000002,0.5,97.474,12
424,ZnS,0.8819999999999999,Zn1 S1,0.9300000000000002,0.5,97.474,12
425,ZnS,0.0,Zn1 S1,0.9300000000000002,0.5,97.474,12
426,ZnS,2.0639000000000003,Zn1 S1,0.9300000000000002,0.5,97.474,12
427,ZnS,2.0251,Zn1 S1,0.9300000000000002,0.5,97.474,12
428,ZnS,2.0301,Zn1 S1,0.9300000000000002,0.5,97.474,12
429,ZnS,1.1441999999999999,Zn1 S1,0.9300000000000002,0.5,97.474,12
430,CdS,1.5194999999999999,Cd1 S1,0.8900000000000001,0.5,144.476,12
431,ZnS,1.9788999999999999,Zn1 S1,0.9300000000000002,0.5,97.474,12
432,ZnS,2.1299,Zn1 S1,0.9300000000000002,0.5,97.474,12
433,ZnS,0.0,Zn1 S1,0.9300000000000002,0.5,97.474,12
434,ZnS,0.8320999999999998,Zn1 S1,0.9300000000000002,0.5,97.474,12
435,ZnS,2.0199999999999996,Zn1 S1,0.9300000000000002,0.5,97.474,12
436,ZnS,1.2387,Zn1 S1,0.9300000000000002,0.5,97.474,12
437,CdS,0.3682999999999996,Cd1 S1,0.8900000000000001,0.5,144.476,12
438,ZnS,1.9819,Zn1 S1,0.9300000000000002,0.5,97.474,12
439,BaS2,1.6077,Ba1 S2,4.2700000000000005,0.3333333333333333,201.457,2
440,ZnS,2.0047,Zn1 S1,0.9300000000000002,0.5,97.474,12
441,ZnS,1.9773,Zn1 S1,0.9300000000000002,0.5,97.474,12
442,ZnS,0.8792,Zn1 S1,0.9300000000000002,0.5,97.474,12
443,BaS3,1.1839000000000004,Ba1 S3,6.8500000000000005,0.25,233.522,2
444,ZnS,1.2532999999999999,Zn1 S1,0.9300000000000002,0.5,97.474,12
445,ZnS,1.2177,Zn1 S1,0.9300000000000002,0.5,97.474,12
446,ZnS,2.0181000000000004,Zn1 S1,0.9300000000000002,0.5,97.474,12
447,ZnS,1.9988000000000001,Zn1 S1,0.9300000000000002,0.5,97.474,12
448,ZnS,2.0243,Zn1 S1,0.9300000000000002,0.5,97.474,12
449,ZnS,1.1832,Zn1 S1,0.9300000000000002,0.5,97.474,12
450,ZnS,0.9214,Zn1 S1,0.9300000000000002,0.5,97.474,12
451,BeS,3.2356,Be1 S1,1.01,0.5,41.07718199999999,2
452,ZnS,2.0421000000000005,Zn1 S1,0.9300000000000002,0.5,97.474,12
453,ZnS,2.0653,Zn1 S1,0.9300000000000002,0.5,97.474,12
454,ZnS,2.0164999999999997,Zn1 S1,0.9300000000000002,0.5,97.474,12
455,ZnS,2.0379,Zn1 S1,0.9300000000000002,0.5,97.474,12
456,ZnS,1.2132999999999998,Zn1 S1,0.9300000000000002,0.5,97.474,12
457,ZnS,1.2473,Zn1 S1,0.9300000000000002,0.5,97.474,12
458,ZnS,2.0175,Zn1 S1,0.9300000000000002,0.5,97.474,12
459,ZnS,0.8065000000000002,Zn1 S1,0.9300000000000002,0.5,97.474,12
460,ZnS,2.0316,Zn1 S1,0.9300000000000002,0.5,97.474,12
461,ZnS,2.0389,Zn1 S1,0.9300000000000002,0.5,97.474,12
462,ZnS,2.0194,Zn1 S1,0.9300000000000002,0.5,97.474,12
463,ZnS,2.0313999999999997,Zn1 S1,0.9300000000000002,0.5,97.474,12
464,ZnS,0.476,Zn1 S1,0.9300000000000002,0.5,97.474,12
465,ZnS,1.9071,Zn1 S1,0.9300000000000002,0.5,97.474,12
466,ZnS,1.4016,Zn1 S1,0.9300000000000002,0.5,97.474,12
467,ZnS,2.0244999999999997,Zn1 S1,0.9300000000000002,0.5,97.474,12
468,ZnS,0.9376000000000002,Zn1 S1,0.9300000000000002,0.5,97.474,12
469,ZnS,2.064,Zn1 S1,0.9300000000000002,0.5,97.474,12
470,ZnS,2.0471,Zn1 S1,0.9300000000000002,0.5,97.474,12
471,ZnS,2.0047,Zn1 S1,0.9300000000000002,0.5,97.474,12
472,ZnS,2.0776,Zn1 S1,0.9300000000000002,0.5,97.474,12
473,ZnS,1.9563,Zn1 S1,0.9300000000000002,0.5,97.474,12
474,ZnS,1.9845000000000002,Zn1 S1,0.9300000000000002,0.5,97.474,12
475,MgS,2.9642,Mg1 S1,1.27,0.5,56.37,2
476,ZnS,0.7931999999999999,Zn1 S1,0.9300000000000002,0.5,97.474,12
477,ZnS,1.9620000000000002,Zn1 S1,0.9300000000000002,0.5,97.474,12
478,ZnS,1.0069000000000001,Zn1 S1,0.9300000000000002,0.5,97.474,12
479,ZnS,2.072,Zn1 S1,0.9300000000000002,0.5,97.474,12
480,MgS3,0.0,Mg1 S3,6.43,0.25,120.5,2
481,ZnS,1.0437,Zn1 S1,0.9300000000000002,0.5,97.474,12
482,ZnS,1.9938999999999998,Zn1 S1,0.9300000000000002,0.5,97.474,12
483,ZnS,1.9866,Zn1 S1,0.9300000000000002,0.5,97.474,12
484,ZnS,1.9928000000000001,Zn1 S1,0.9300000000000002,0.5,97.474,12
485,ZnS,1.6894999999999998,Zn1 S1,0.9300000000000002,0.5,97.474,12
486,ZnS,1.9813000000000003,Zn1 S1,0.9300000000000002,0.5,97.474,12
487,ZnS,2.0266,Zn1 S1,0.9300000000000002,0.5,97.474,12
488,ZnS,2.031,Zn1 S1,0.9300000000000002,0.5,97.474,12
489,ZnS,1.8580999999999999,Zn1 S1,0.9300000000000002,0.5,97.474,12
490,BaS3,1.6197,Ba1 S3,6.8500000000000005,0.25,233.522,2
491,ZnS,1.9952,Zn1 S1,0.9300000000000002,0.5,97.474,12
492,CdSe,0.5095,Cd1 Se1,0.8599999999999999,0.5,191.37099999999998,12
493,BaSe3,0.9443999999999999,Ba1 Se3,6.76,0.25,374.207,2
494,BaSe,2.2121000000000004,Ba1 Se1,1.6599999999999997,0.5,216.28699999999998,2
495,CaSe,2.1362,Ca1 Se1,1.5499999999999998,0.5,119.038,2
496,BaSe2,1.1722,Ba1 Se2,4.21,0.3333333333333333,295.24699999999996,2
497,CdSe2,0.9519000000000002,Cd1 Se2,3.4099999999999997,0.3333333333333333,270.331,12
498,BeSe,0.6330999999999998,Be1 Se1,0.9799999999999998,0.5,87.97218199999999,2
499,ZnSe,1.6143,Zn1 Se1,0.8999999999999999,0.5,144.369,12
500,MgSe,2.5473000000000003,Mg1 Se1,1.2399999999999998,0.5,103.26499999999999,2
501,CaSe,3.1573,Ca1 Se1,1.5499999999999998,0.5,119.038,2
502,CdSe,0.0,Cd1 Se1,0.8599999999999999,0.5,191.37099999999998,12
503,Cd3Se,0.0,Cd3 Se1,2.5200000000000005,0.75,416.193,12
504,Mg5Se,0.0,Mg5 Se1,4.000000000000001,0.8333333333333334,200.485,2
505,Ba3Se,0.0,Ba3 Se1,0.1200000000000001,0.75,490.941,2
506,BeSe,0.07469999999999999,Be1 Se1,0.9799999999999998,0.5,87.97218199999999,2
507,MgSe,1.9791999999999996,Mg1 Se1,1.2399999999999998,0.5,103.26499999999999,2
508,MgSe2,1.9935,Mg1 Se2,3.7899999999999996,0.3333333333333333,182.225,2
509,SrSe,2.2914000000000003,Sr1 Se1,1.5999999999999999,0.5,166.57999999999998,2
510,ZnSe,1.2003000000000001,Zn1 Se1,0.8999999999999999,0.5,144.369,12
511,Zn3Se,0.0,Zn3 Se1,2.3999999999999995,0.75,275.187,12
512,MgSe,2.5791,Mg1 Se1,1.2399999999999998,0.5,103.26499999999999,2
513,ZnSe,1.9672,Zn1 Se1,0.8999999999999999,0.5,144.369,12
514,BaSe,1.2143000000000002,Ba1 Se1,1.6599999999999997,0.5,216.28699999999998,2
515,Mg149Se,0.17110000000000003,Mg149 Se1,192.64,0.9933333333333333,3700.405,2
516,CdSe,0.5589,Cd1 Se1,0.8599999999999999,0.5,191.37099999999998,12
517,Zn3Se,0.0,Zn3 Se1,2.3999999999999995,0.75,275.187,12
518,BeSe,2.8976,Be1 Se1,0.9799999999999998,0.5,87.97218199999999,2
519,ZnSe2,1.1764000000000001,Zn1 Se2,3.4499999999999997,0.3333333333333333,223.329,12
520,ZnTe,0.28779999999999983,Zn1 Te1,0.4500000000000002,0.5,193.00900000000001,12
521,BaTe2,0.3984999999999994,Ba1 Te2,3.31,0.3333333333333333,392.527,2
522,CdTe,1.2285,Cd1 Te1,0.41000000000000014,0.5,240.011,12
523,ZnTe,1.1002999999999998,Zn1 Te1,0.4500000000000002,0.5,193.00900000000001,12
524,SrTe,2.0435000000000003,Sr1 Te1,1.1500000000000001,0.5,215.22,2
525,BaTe,1.8555,Ba1 Te1,1.21,0.5,264.927,2
526,Cd3Te,0.0,Cd3 Te1,2.97,0.75,464.83299999999997,12
527,CaTe,0.0,Ca1 Te1,1.1,0.5,167.678,2
528,CdTe,0.6224000000000003,Cd1 Te1,0.41000000000000014,0.5,240.011,12
529,CdTe,0.021500000000000075,Cd1 Te1,0.41000000000000014,0.5,240.011,12
530,MgTe,0.6288999999999998,Mg1 Te1,0.79,0.5,151.905,2
531,Mg5Te,0.0,Mg5 Te1,4.450000000000001,0.8333333333333334,249.125,2
532,ZnTe,0.29380000000000006,Zn1 Te1,0.4500000000000002,0.5,193.00900000000001,12
533,Mg149Te,0.15290000000000026,Mg149 Te1,193.09,0.9933333333333333,3749.045,2
534,MgTe,2.3181000000000003,Mg1 Te1,0.79,0.5,151.905,2
535,CdTe,0.0,Cd1 Te1,0.41000000000000014,0.5,240.011,12
536,ZnTe,1.0782000000000003,Zn1 Te1,0.4500000000000002,0.5,193.00900000000001,12
537,ZnTe,0.0,Zn1 Te1,0.4500000000000002,0.5,193.00900000000001,12
538,ZnTe,0.0,Zn1 Te1,0.4500000000000002,0.5,193.00900000000001,12
539,ZnTe,1.0679000000000003,Zn1 Te1,0.4500000000000002,0.5,193.00900000000001,12
540,MgTe,0.8468999999999998,Mg1 Te1,0.79,0.5,151.905,2
541,BaTe3,0.8414999999999999,Ba1 Te3,5.410000000000001,0.25,520.127,2
542,MgTe2,1.5091999999999999,Mg1 Te2,2.89,0.3333333333333333,279.505,2
543,CaTe,1.6040999999999999,Ca1 Te1,1.1,0.5,167.678,2
544,Mg3Te,0.0,Mg3 Te1,1.83,0.75,200.515,2
545,SrTe,0.5679999999999996,Sr1 Te1,1.1500000000000001,0.5,215.22,2
546,CdTe,0.0,Cd1 Te1,0.41000000000000014,0.5,240.011,12
547,CaTe,1.6323000000000003,Ca1 Te1,1.1,0.5,167.678,2
548,Ba3Te,0.0,Ba3 Te1,0.5699999999999998,0.75,539.581,2
549,BeTe,2.2113000000000005,Be1 Te1,0.53,0.5,136.612182,2
550,CdTe,0.0,Cd1 Te1,0.41000000000000014,0.5,240.011,12
551,CdTe,0.0,Cd1 Te1,0.41000000000000014,0.5,240.011,12
552,MgTe,2.3619999999999997,Mg1 Te1,0.79,0.5,151.905,2
553,CdTe,0.0,Cd1 Te1,0.41000000000000014,0.5,240.011,12
554,Ba3Te,0.0,Ba3 Te1,0.5699999999999998,0.75,539.581,2
555,CdTe,0.6185999999999998,Cd1 Te1,0.41000000000000014,0.5,240.011,12
556,BaTe,1.7263000000000002,Ba1 Te1,1.21,0.5,264.927,2
557,RbF3,1.0560999999999998,Rb1 F3,11.12,0.25,142.4630096,1
558,CsF,5.938,Cs1 F1,3.19,0.5,151.9038551,1
559,CsF,5.281,Cs1 F1,3.19,0.5,151.9038551,1
560,RbF,5.6523,Rb1 F1,3.16,0.5,104.4662032,1
561,KF2,1.4746999999999995,K1 F2,7.14,0.3333333333333333,77.09510639999999,1
562,KF3,0.11140000000000017,K1 F3,11.12,0.25,96.0935096,1
563,RbF2,1.4626000000000006,Rb1 F2,7.14,0.3333333333333333,123.4646064,1
564,RbF3,0.0,Rb1 F3,11.12,0.25,142.4630096,1
565,LiF,8.7195,Li1 F1,3.0,0.5,25.939403199999997,1
566,HF,6.7187,H1 F1,1.7799999999999998,0.5,20.0063432,1
567,KF,6.0694,K1 F1,3.16,0.5,58.0967032,1
568,NaF,6.0951,Na1 F1,3.05,0.5,41.98817248,1
569,H3F2,7.9086,H3 F2,1.3599999999999994,0.6,41.0206264,1
570,RbF,6.2488,Rb1 F1,3.16,0.5,104.4662032,1
571,KF,6.641,K1 F1,3.16,0.5,58.0967032,1
572,NaF3,0.0,Na1 F3,11.01,0.25,79.98497888,1
573,RbF3,2.153,Rb1 F3,11.12,0.25,142.4630096,1
574,RbF3,2.1149,Rb1 F3,11.12,0.25,142.4630096,1
575,RbF3,0.0,Rb1 F3,11.12,0.25,142.4630096,1
576,LiF,7.4777000000000005,Li1 F1,3.0,0.5,25.939403199999997,1
577,KF5,0.0,K1 F5,19.08,0.16666666666666666,134.090316,1
578,LiF,7.519500000000001,Li1 F1,3.0,0.5,25.939403199999997,1
579,LiF3,0.0,Li1 F3,10.959999999999999,0.25,63.9362096,1
580,NaCl3,0.0,Na1 Cl3,8.55,0.25,129.34876928,1
581,Na2Cl,0.0,Na2 Cl1,1.3,0.6666666666666666,81.43253856000001,1
582,Na2Cl,0.0,Na2 Cl1,1.3,0.6666666666666666,81.43253856000001,1
583,HCl,5.9709,H1 Cl1,0.96,0.5,36.46094,1
584,Na2Cl,0.0,Na2 Cl1,1.3,0.6666666666666666,81.43253856000001,1
585,Na3Cl2,0.0,Na3 Cl2,3.5300000000000002,0.6,139.87530784,1
586,NaCl,5.145099999999999,Na1 Cl1,2.23,0.5,58.44276928000001,1
587,NaCl3,2.7103,Na1 Cl3,8.55,0.25,129.34876928,1
588,HCl,5.1812000000000005,H1 Cl1,0.96,0.5,36.46094,1
589,RbCl,4.7979,Rb1 Cl1,2.3400000000000003,0.5,120.9208,1
590,RbCl,5.0161999999999995,Rb1 Cl1,2.3400000000000003,0.5,120.9208,1
591,HCl,2.9455,H1 Cl1,0.96,0.5,36.46094,1
592,LiCl,6.3951,Li1 Cl1,2.18,0.5,42.394000000000005,1
593,HCl,0.0,H1 Cl1,0.96,0.5,36.46094,1
594,NaCl,4.4543,Na1 Cl1,2.23,0.5,58.44276928000001,1
595,CsCl,5.0172,Cs1 Cl1,2.37,0.5,168.3584519,1
596,NaCl7,0.5193000000000001,Na1 Cl7,21.19,0.125,271.16076928,1
597,LiCl,5.9266,Li1 Cl1,2.18,0.5,42.394000000000005,1
598,Na3Cl,0.0,Na3 Cl1,0.3700000000000001,0.75,104.42230784,1
599,Na3Cl2,0.0,Na3 Cl2,3.5300000000000002,0.6,139.87530784,1
600,KCl3,0.0,K1 Cl3,8.66,0.25,145.4573,1
601,KCl,4.8217,K1 Cl1,2.3400000000000003,0.5,74.5513,1
602,CsCl,5.4829,Cs1 Cl1,2.37,0.5,168.3584519,1
603,KCl,5.0448,K1 Cl1,2.3400000000000003,0.5,74.5513,1
604,Na2Cl,0.0,Na2 Cl1,1.3,0.6666666666666666,81.43253856000001,1
605,LiBr,4.9350000000000005,Li1 Br1,1.98,0.5,86.845,1
606,LiBr,5.09,Li1 Br1,1.98,0.5,86.845,1
607,HBr,4.944599999999999,H1 Br1,0.7599999999999998,0.5,80.91194,1
608,HBr,4.9181,H1 Br1,0.7599999999999998,0.5,80.91194,1
609,HBr,1.4995,H1 Br1,0.7599999999999998,0.5,80.91194,1
610,NaBr,4.0895,Na1 Br1,2.03,0.5,102.89376928,1
611,RbBr3,0.0,Rb1 Br3,8.059999999999999,0.25,325.1798,1
612,KBr,3.9019,K1 Br1,2.14,0.5,119.00229999999999,1
613,KBr,4.5151,K1 Br1,2.14,0.5,119.00229999999999,1
614,CsBr,4.4247,Cs1 Br1,2.17,0.5,212.8094519,1
615,RbBr,4.3724,Rb1 Br1,2.14,0.5,165.3718,1
616,KBr3,0.0,K1 Br3,8.059999999999999,0.25,278.8103,1
617,RbBr,4.5276,Rb1 Br1,2.14,0.5,165.3718,1
618,HBr,0.0,H1 Br1,0.7599999999999998,0.5,80.91194,1
619,CsBr3,2.3245,Cs1 Br3,8.09,0.25,372.6174519,1
620,CsBr,4.7786,Cs1 Br1,2.17,0.5,212.8094519,1
621,RbI,3.9656,Rb1 I1,1.8400000000000003,0.5,212.37227000000001,1
622,CsI,4.2301,Cs1 I1,1.87,0.5,259.8099219,1
623,HI3,1.2837,H1 I3,5.78,0.25,381.72135000000003,1
624,KI,3.9111,K1 I1,1.8400000000000003,0.5,166.00277,1
625,CsI,3.8345000000000002,Cs1 I1,1.87,0.5,259.8099219,1
626,RbI3,1.9641000000000002,Rb1 I3,7.16,0.25,466.18121,1
627,CsI,3.8556,Cs1 I1,1.87,0.5,259.8099219,1
628,LiI,4.2402999999999995,Li1 I1,1.6800000000000002,0.5,133.84547,1
629,CsI3,2.0157000000000003,Cs1 I3,7.19,0.25,513.6188619,1
630,NaI,3.5692000000000004,Na1 I1,1.73,0.5,149.89423928,1
631,CsI4,1.7847,Cs1 I4,9.850000000000001,0.2,640.5233319,1
632,LiI,4.2404,Li1 I1,1.6800000000000002,0.5,133.84547,1
633,CsI,3.1243,Cs1 I1,1.87,0.5,259.8099219,1
634,KI,3.7452,K1 I1,1.8400000000000003,0.5,166.00277,1
635,HI,4.084899999999999,H1 I1,0.45999999999999996,0.5,127.91241000000001,1
636,Cs3I,0.0,Cs3 I1,0.29000000000000004,0.75,525.6208257000001,1
637,RbI,3.9541000000000004,Rb1 I1,1.8400000000000003,0.5,212.37227000000001,1
638,LiI,4.381,Li1 I1,1.6800000000000002,0.5,133.84547,1
639,KI,4.0433,K1 I1,1.8400000000000003,0.5,166.00277,1
640,NaI,3.08,Na1 I1,1.73,0.5,149.89423928,1
641,PbS,2.0794,Pb1 S1,0.25,0.5,239.265,14
642,Sn3S,0.0,Sn3 S1,3.3,0.75,388.195,14
643,GeS,0.7596000000000007,Ge1 S1,0.5700000000000003,0.5,104.705,14
644,SnS,0.9549000000000003,Sn1 S1,0.6200000000000001,0.5,150.77499999999998,14
645,SnS,1.2008,Sn1 S1,0.6200000000000001,0.5,150.77499999999998,14
646,PbS2,0.8069999999999995,Pb1 S2,2.83,0.3333333333333333,271.33,14
647,Sn3S7,0.0,Sn3 S7,12.180000000000003,0.3,580.585,14
648,PbS,1.2407999999999997,Pb1 S1,0.25,0.5,239.265,14
649,PbS,1.2720000000000002,Pb1 S1,0.25,0.5,239.265,14
650,PbS,1.2330999999999999,Pb1 S1,0.25,0.5,239.265,14
651,SnS,0.7974999999999994,Sn1 S1,0.6200000000000001,0.5,150.77499999999998,14
652,PbS,0.7624999999999997,Pb1 S1,0.25,0.5,239.265,14
653,PbS,2.2577,Pb1 S1,0.25,0.5,239.265,14
654,GeS2,2.2648,Ge1 S2,3.1500000000000004,0.3333333333333333,136.76999999999998,14
655,GeS2,2.1396,Ge1 S2,3.1500000000000004,0.3333333333333333,136.76999999999998,14
656,SnS2,1.4909999999999997,Sn1 S2,3.2,0.3333333333333333,182.83999999999997,14
657,PbS2,0.4464999999999999,Pb1 S2,2.83,0.3333333333333333,271.33,14
658,PbS,1.5580999999999996,Pb1 S1,0.25,0.5,239.265,14
659,PbS,0.7835000000000001,Pb1 S1,0.25,0.5,239.265,14
660,PbS,2.0879,Pb1 S1,0.25,0.5,239.265,14
661,SnS2,1.8791000000000002,Sn1 S2,3.2,0.3333333333333333,182.83999999999997,14
662,SnS2,1.3437000000000006,Sn1 S2,3.2,0.3333333333333333,182.83999999999997,14
663,Sn2S3,0.8572000000000006,Sn2 S3,3.8200000000000003,0.4,333.615,14
664,SnS,0.23709999999999987,Sn1 S1,0.6200000000000001,0.5,150.77499999999998,14
665,PbS,1.0371999999999995,Pb1 S1,0.25,0.5,239.265,14
666,Sn3S7,0.0,Sn3 S7,12.180000000000003,0.3,580.585,14
667,GeS2,2.2569,Ge1 S2,3.1500000000000004,0.3333333333333333,136.76999999999998,14
668,PbS,0.9925999999999995,Pb1 S1,0.25,0.5,239.265,14
669,PbS,0.7417999999999996,Pb1 S1,0.25,0.5,239.265,14
670,GeS,1.237,Ge1 S1,0.5700000000000003,0.5,104.705,14
671,SnS,1.1111000000000004,Sn1 S1,0.6200000000000001,0.5,150.77499999999998,14
672,SnS,1.4941,Sn1 S1,0.6200000000000001,0.5,150.77499999999998,14
673,SnS,1.6279000000000001,Sn1 S1,0.6200000000000001,0.5,150.77499999999998,14
674,SnS2,1.5615,Sn1 S2,3.2,0.3333333333333333,182.83999999999997,14
675,PbS,2.0532,Pb1 S1,0.25,0.5,239.265,14
676,Pb3S,0.0,Pb3 S1,4.41,0.75,653.665,14
677,SnS,1.5319,Sn1 S1,0.6200000000000001,0.5,150.77499999999998,14
678,PbS,2.2622,Pb1 S1,0.25,0.5,239.265,14
679,PbS,0.03249999999999975,Pb1 S1,0.25,0.5,239.265,14
680,PbS,0.7440999999999995,Pb1 S1,0.25,0.5,239.265,14
681,GeS2,1.604,Ge1 S2,3.1500000000000004,0.3333333333333333,136.76999999999998,14
682,GeS2,2.2271,Ge1 S2,3.1500000000000004,0.3333333333333333,136.76999999999998,14
683,GeS2,2.5989999999999998,Ge1 S2,3.1500000000000004,0.3333333333333333,136.76999999999998,14
684,PbS,0.0,Pb1 S1,0.25,0.5,239.265,14
685,PbS,0.0,Pb1 S1,0.25,0.5,239.265,14
686,PbS,1.9001000000000001,Pb1 S1,0.25,0.5,239.265,14
687,SnSe,0.6097999999999999,Sn1 Se1,0.5899999999999999,0.5,197.67,14
688,PbSe2,0.0,Pb1 Se2,2.7699999999999996,0.3333333333333333,365.12,14
689,SnSe,1.3338,Sn1 Se1,0.5899999999999999,0.5,197.67,14
690,SnSe,1.6171,Sn1 Se1,0.5899999999999999,0.5,197.67,14
691,SnSe2,0.8000000000000003,Sn1 Se2,3.1399999999999997,0.3333333333333333,276.63,14
692,SnSe,0.0,Sn1 Se1,0.5899999999999999,0.5,197.67,14
693,PbSe,0.9241000000000001,Pb1 Se1,0.21999999999999975,0.5,286.15999999999997,14
694,GeSe2,1.4382000000000001,Ge1 Se2,3.09,0.3333333333333333,230.56,14
695,GeSe,0.4400999999999997,Ge1 Se1,0.54,0.5,151.6,14
696,PbSe,1.3139,Pb1 Se1,0.21999999999999975,0.5,286.15999999999997,14
697,PbSe,1.6543,Pb1 Se1,0.21999999999999975,0.5,286.15999999999997,14
698,SnSe,0.5120999999999998,Sn1 Se1,0.5899999999999999,0.5,197.67,14
699,Sn3Se,0.0,Sn3 Se1,3.33,0.75,435.09,14
700,GeSe,0.8969,Ge1 Se1,0.54,0.5,151.6,14
701,PbSe,0.0,Pb1 Se1,0.21999999999999975,0.5,286.15999999999997,14
702,GeSe2,1.6631,Ge1 Se2,3.09,0.3333333333333333,230.56,14
703,Ge4Se9,1.2215,Ge4 Se9,14.91,0.3076923076923077,1001.2,14
704,SnSe,0.0,Sn1 Se1,0.5899999999999999,0.5,197.67,14
705,PbSe,0.9081000000000001,Pb1 Se1,0.21999999999999975,0.5,286.15999999999997,14
706,Sn3Se,0.0,Sn3 Se1,3.33,0.75,435.09,14
707,SnSe,0.8203000000000005,Sn1 Se1,0.5899999999999999,0.5,197.67,14
708,SnSe,0.30630000000000024,Sn1 Se1,0.5899999999999999,0.5,197.67,14
709,TePb,0.0,Te1 Pb1,0.22999999999999998,0.5,334.79999999999995,16
710,GeTe,2.2036000000000002,Ge1 Te1,0.0900000000000003,0.5,200.24,14
711,TePb,1.0581999999999994,Te1 Pb1,0.22999999999999998,0.5,334.79999999999995,16
712,GeTe,0.0,Ge1 Te1,0.0900000000000003,0.5,200.24,14
713,Sn3Te,0.0,Sn3 Te1,3.78,0.75,483.73,14
714,TePb3,0.0,Te1 Pb3,4.890000000000001,0.25,749.1999999999999,16
715,GeTe,0.6197999999999997,Ge1 Te1,0.0900000000000003,0.5,200.24,14
716,TePb3,0.0,Te1 Pb3,4.890000000000001,0.25,749.1999999999999,16
717,SnTe3,0.0,Sn1 Te3,4.340000000000001,0.25,501.50999999999993,14
718,TePb,1.4257,Te1 Pb1,0.22999999999999998,0.5,334.79999999999995,16
719,SnTe,0.6623999999999999,Sn1 Te1,0.14000000000000012,0.5,246.31,14
720,Ge3Te,0.0,Ge3 Te1,3.9299999999999993,0.75,345.52,14
721,Sn3Te,0.0,Sn3 Te1,3.78,0.75,483.73,14
722,GeTe,0.2008000000000001,Ge1 Te1,0.0900000000000003,0.5,200.24,14
723,TePb,0.7254000000000005,Te1 Pb1,0.22999999999999998,0.5,334.79999999999995,16
724,GeTe,0.8215000000000003,Ge1 Te1,0.0900000000000003,0.5,200.24,14
725,SnTe,0.0,Sn1 Te1,0.14000000000000012,0.5,246.31,14
726,GeTe,0.9104999999999999,Ge1 Te1,0.0900000000000003,0.5,200.24,14
727,GeTe,0.0,Ge1 Te1,0.0900000000000003,0.5,200.24,14
728,SnTe,0.18179999999999996,Sn1 Te1,0.14000000000000012,0.5,246.31,14
